,PassengerId,Survived,Pclass,Name,Sex,Age,SibSp,Parch,Ticket,Fare,Cabin,Embarked
0,1,0,3,23,0,22.0,1,0,9,7.25,1,1
1,2,1,1,51,1,38.0,1,0,8,71.2833,3,0
2,3,1,3,22,1,26.0,0,0,16,7.925,1,1
3,4,1,1,44,1,35.0,1,0,6,53.1,4,1
4,5,0,3,24,0,35.0,0,0,6,8.05,1,1
5,6,0,3,16,0,24.0,0,0,6,8.4583,1,2
6,7,0,1,23,0,54.0,0,0,5,51.8625,3,1
7,8,0,3,30,0,2.0,3,1,6,21.075,1,1
8,9,1,3,49,1,27.0,0,2,6,11.1333,1,1
9,10,1,2,35,1,14.0,1,0,6,30.0708,1,0
10,11,1,3,31,1,4.0,1,1,7,16.7,2,1
11,12,1,1,24,1,58.0,0,0,6,26.55,4,1
12,13,0,3,30,0,20.0,0,0,9,8.05,1,1
13,14,0,3,27,0,39.0,1,5,6,31.275,1,1
14,15,0,3,36,1,14.0,0,0,6,7.8542,1,1
15,16,1,2,32,1,55.0,0,0,6,16.0,1,1
16,17,0,3,20,0,2.0,4,1,6,29.125,1,2
17,18,1,2,28,0,24.0,0,0,6,13.0,1,1
18,19,0,3,55,1,31.0,1,0,6,18.0,1,1
19,20,1,3,23,1,24.0,0,0,4,7.225,1,0
20,21,0,2,20,0,35.0,0,0,6,26.0,1,1
21,22,1,2,21,0,34.0,0,0,6,13.0,3,1
22,23,1,3,27,1,15.0,0,0,6,8.0292,1,2
23,24,1,1,28,0,28.0,0,0,6,35.5,2,1
24,25,0,3,29,1,8.0,3,1,6,21.075,1,1
25,26,1,3,57,1,38.0,1,5,6,31.3875,1,1
26,27,0,3,23,0,24.0,0,0,4,7.225,1,0
27,28,0,1,30,0,19.0,3,2,5,263.0,11,1
28,29,1,3,29,1,24.0,0,0,6,7.8792,1,2
29,30,0,3,19,0,24.0,0,0,6,7.8958,1,1
30,31,0,1,24,0,40.0,0,0,8,27.7208,1,0
31,32,1,1,46,1,24.0,1,0,8,146.5208,3,0
32,33,1,3,24,1,24.0,0,0,6,7.75,1,2
33,34,0,2,21,0,66.0,0,0,10,10.5,1,1
34,35,0,1,23,0,28.0,1,0,8,82.1708,1,0
35,36,0,1,30,0,42.0,1,0,6,52.0,1,1
36,37,1,3,16,0,24.0,0,0,4,7.2292,1,0
37,38,0,3,24,0,21.0,0,0,10,8.05,1,1
38,39,0,3,34,1,18.0,2,0,6,18.0,1,1
39,40,1,3,27,1,14.0,1,0,4,11.2417,1,0
40,41,0,3,46,1,40.0,1,0,4,9.475,1,1
41,42,0,2,56,1,27.0,1,0,5,21.0,1,1
42,43,0,3,19,0,24.0,0,0,6,7.8958,1,0
43,44,1,2,40,1,3.0,1,2,13,41.5792,1,0
44,45,1,3,29,1,19.0,0,0,6,7.8792,1,2
45,46,0,3,24,0,24.0,0,0,15,8.05,1,1
46,47,0,3,17,0,24.0,1,0,6,15.5,1,2
47,48,1,3,25,1,24.0,0,0,5,7.75,1,2
48,49,0,3,19,0,24.0,2,0,4,21.6792,1,0
49,50,0,3,45,1,18.0,1,0,6,17.8,1,1
50,51,0,3,26,0,7.0,4,1,7,39.6875,1,1
51,52,0,3,28,0,21.0,0,0,10,7.8,1,1
52,53,1,1,40,1,49.0,1,0,8,76.7292,3,0
53,54,1,2,50,1,29.0,1,0,4,26.0,1,1
54,55,0,1,30,0,65.0,0,1,6,61.9792,3,0
55,56,1,1,17,0,24.0,0,0,5,35.5,3,1
56,57,1,2,17,1,21.0,0,0,10,10.5,1,1
57,58,0,3,19,0,28.5,0,0,4,7.2292,1,0
58,59,1,2,28,1,5.0,1,2,10,27.75,1,1
59,60,0,3,34,0,11.0,5,2,7,46.9,1,1
60,61,0,3,21,0,22.0,0,0,4,7.2292,1,0
61,62,1,1,19,1,38.0,0,0,6,80.0,3,1
62,63,0,1,27,0,45.0,1,0,5,83.475,3,1
63,64,0,3,21,0,4.0,3,2,6,27.9,1,1
64,65,0,1,21,0,24.0,0,0,8,27.7208,1,0
65,66,1,3,24,0,24.0,1,1,4,15.2458,1,0
66,67,1,2,28,1,29.0,0,0,10,10.5,3,1
67,68,0,3,24,0,19.0,0,0,9,8.1583,1,1
68,69,1,3,31,1,17.0,4,2,7,7.925,1,1
69,70,0,3,17,0,26.0,2,0,6,8.6625,1,1
70,71,0,2,26,0,32.0,0,0,10,10.5,1,1
71,72,0,3,26,1,16.0,5,2,7,46.9,1,1
72,73,0,2,20,0,21.0,0,0,12,73.5,1,1
73,74,0,3,27,0,26.0,1,0,4,14.4542,1,0
74,75,1,3,13,0,32.0,0,0,4,56.4958,1,1
75,76,0,3,23,0,25.0,0,0,6,7.65,5,1
76,77,0,3,17,0,24.0,0,0,6,7.8958,1,1
77,78,0,3,24,0,24.0,0,0,6,8.05,1,1
78,79,1,2,29,0,0.83,0,2,6,29.0,1,1
79,80,1,3,24,1,30.0,0,0,6,12.475,1,1
80,81,0,3,20,0,22.0,0,0,6,9.0,1,1
81,82,1,3,27,0,29.0,0,0,6,9.5,1,1
82,83,1,3,30,1,24.0,0,0,6,7.7875,1,2
83,84,0,1,23,0,28.0,0,0,6,47.1,1,1
84,85,1,2,19,1,17.0,0,0,10,10.5,1,1
85,86,1,3,55,1,33.0,3,0,7,15.85,1,1
86,87,0,3,22,0,16.0,1,3,10,34.375,1,1
87,88,0,3,29,0,24.0,0,0,15,8.05,1,1
88,89,1,1,26,1,23.0,3,2,5,263.0,11,1
89,90,0,3,22,0,24.0,0,0,6,8.05,1,1
90,91,0,3,20,0,29.0,0,0,6,8.05,1,1
91,92,0,3,26,0,20.0,0,0,6,7.8542,1,1
92,93,0,1,27,0,46.0,1,0,11,61.175,3,1
93,94,0,3,23,0,26.0,1,2,9,20.575,1,1
94,95,0,3,17,0,59.0,0,0,6,7.25,1,1
95,96,0,3,27,0,24.0,0,0,6,8.05,1,1
96,97,0,1,25,0,71.0,0,0,8,34.6542,2,0
97,98,1,1,31,0,23.0,0,1,8,63.3583,7,0
98,99,1,2,36,1,34.0,0,1,6,23.0,1,1
99,100,0,2,17,0,34.0,1,0,6,26.0,1,1
100,101,0,3,23,1,28.0,0,0,6,7.8958,1,1
101,102,0,3,32,0,24.0,0,0,6,7.8958,1,1
102,103,0,1,25,0,21.0,0,1,5,77.2875,3,1
103,104,0,3,26,0,33.0,0,0,4,8.6542,1,1
104,105,0,3,30,0,37.0,2,0,7,7.925,1,1
105,106,0,3,21,0,28.0,0,0,6,7.8958,1,1
106,107,1,3,32,1,21.0,0,0,6,7.65,1,1
107,108,1,3,22,0,24.0,0,0,6,7.775,1,1
108,109,0,3,15,0,38.0,0,0,6,7.8958,1,1
109,110,1,3,19,1,24.0,1,0,6,24.15,1,2
110,111,0,1,30,0,47.0,0,0,6,52.0,4,1
111,112,0,3,20,1,14.5,1,0,4,14.4542,1,0
112,113,0,3,22,0,22.0,0,0,6,8.05,1,1
113,114,0,3,23,1,20.0,1,0,4,9.825,1,1
114,115,0,3,21,1,17.0,0,0,4,14.4583,1,0
115,116,0,3,21,0,21.0,0,0,17,7.925,1,1
116,117,0,3,20,0,70.5,0,0,6,7.75,1,2
117,118,0,2,31,0,29.0,1,0,5,21.0,1,1
118,119,0,1,24,0,24.0,0,1,8,247.5208,7,0
119,120,0,3,33,1,2.0,4,2,6,31.275,1,1
120,121,0,2,27,0,21.0,2,0,12,73.5,1,1
121,122,0,3,26,0,24.0,0,0,9,8.05,1,1
122,123,0,2,20,0,32.5,1,0,6,30.0708,1,0
123,124,1,2,19,1,32.5,0,0,5,13.0,4,1
124,125,0,1,27,0,54.0,0,1,5,77.2875,3,1
125,126,1,3,28,0,12.0,1,0,4,11.2417,1,0
126,127,0,3,19,0,24.0,0,0,6,7.75,1,2
127,128,1,3,25,0,24.0,0,0,7,7.1417,1,1
128,129,1,3,17,1,24.0,1,1,4,22.3583,5,0
129,130,0,3,18,0,45.0,0,0,6,6.975,1,1
130,131,0,3,20,0,33.0,0,0,6,7.8958,1,0
131,132,0,3,30,0,20.0,0,0,18,7.05,1,1
132,133,0,3,46,1,47.0,1,0,9,14.5,1,1
133,134,1,2,45,1,29.0,1,0,6,26.0,1,1
134,135,0,2,30,0,25.0,0,0,10,13.0,1,1
135,136,0,2,18,0,23.0,0,0,13,15.0458,1,0
136,137,1,1,28,1,19.0,0,2,5,26.2833,3,1
137,138,0,1,27,0,37.0,1,0,6,53.1,4,1
138,139,0,3,19,0,16.0,0,0,4,9.2167,1,1
139,140,0,1,18,0,24.0,0,0,8,79.2,3,0
140,141,0,3,29,1,24.0,0,2,4,15.2458,1,0
141,142,1,3,24,1,22.0,0,0,6,7.75,1,1
142,143,1,3,52,1,24.0,1,0,16,15.85,1,1
143,144,0,3,19,0,19.0,0,0,6,6.75,1,2
144,145,0,2,26,0,18.0,0,0,6,11.5,1,1
145,146,0,2,28,0,19.0,1,1,10,36.75,1,1
146,147,1,3,44,0,27.0,0,0,6,7.7958,1,1
147,148,0,3,32,1,9.0,2,2,10,34.375,1,1
148,149,0,2,40,0,36.5,0,2,6,26.0,2,1
149,150,0,2,33,0,42.0,0,0,6,13.0,1,1
150,151,0,2,26,0,51.0,0,0,11,12.525,1,1
151,152,1,1,33,1,22.0,1,0,6,66.6,2,1
152,153,0,3,16,0,55.5,0,0,10,8.05,1,1
153,154,0,3,31,0,40.5,0,2,8,14.5,1,1
154,155,0,3,21,0,24.0,0,0,9,7.3125,1,1
155,156,0,1,27,0,51.0,0,1,8,61.3792,1,0
156,157,1,3,32,1,16.0,0,0,5,7.7333,1,2
157,158,0,3,15,0,30.0,0,0,15,8.05,1,1
158,159,0,3,19,0,24.0,0,0,6,8.6625,1,1
159,160,0,3,26,0,24.0,8,2,8,69.55,1,1
160,161,0,3,24,0,44.0,0,1,6,16.1,1,1
161,162,1,2,50,1,40.0,0,0,10,15.75,1,1
162,163,0,3,26,0,26.0,0,0,6,7.775,1,1
163,164,0,3,15,0,17.0,0,0,6,8.6625,1,1
164,165,0,3,28,0,1.0,4,1,7,39.6875,1,1
165,166,1,3,47,0,9.0,0,2,6,20.525,1,1
166,167,1,1,38,1,24.0,0,1,6,55.0,3,1
167,168,0,3,47,1,45.0,1,4,6,27.9,1,1
168,169,0,1,19,0,24.0,0,0,8,25.925,1,1
169,170,0,3,13,0,28.0,0,0,4,56.4958,1,1
170,171,0,1,25,0,61.0,0,0,6,33.5,3,1
171,172,0,3,20,0,4.0,4,1,6,29.125,1,2
172,173,1,3,28,1,1.0,1,1,6,11.1333,1,1
173,174,0,3,25,0,21.0,0,0,17,7.925,1,1
174,175,0,1,23,0,56.0,0,0,5,30.6958,2,0
175,176,0,3,22,0,18.0,1,1,6,7.8542,1,1
176,177,0,3,29,0,24.0,3,1,4,25.4667,1,1
177,178,0,1,26,1,50.0,0,0,8,28.7125,3,0
178,179,0,2,18,0,30.0,0,0,6,13.0,1,1
179,180,0,3,19,0,36.0,0,0,4,0.0,1,1
180,181,0,3,28,1,24.0,8,2,8,69.55,1,1
181,182,0,2,16,0,24.0,0,0,13,15.05,1,0
182,183,0,3,37,0,9.0,4,2,6,31.3875,1,1
183,184,1,2,25,0,1.0,2,1,6,39.0,2,1
184,185,1,3,35,1,4.0,0,2,6,22.025,1,1
185,186,0,1,21,0,24.0,0,0,6,50.0,3,1
186,187,1,3,47,1,24.0,1,0,6,15.5,1,2
187,188,1,1,45,0,45.0,0,0,6,26.55,1,1
188,189,0,3,16,0,40.0,1,1,6,15.5,1,2
189,190,0,3,19,0,36.0,0,0,6,7.8958,1,1
190,191,1,2,19,1,32.0,0,0,6,13.0,1,1
191,192,0,2,21,0,19.0,0,0,5,13.0,1,1
192,193,1,3,47,1,19.0,1,0,6,7.8542,1,1
193,194,1,2,26,0,3.0,1,1,6,26.0,2,1
194,195,1,1,41,1,44.0,0,0,8,27.7208,2,0
195,196,1,1,20,1,58.0,0,0,8,146.5208,3,0
196,197,0,3,19,0,24.0,0,0,6,7.75,1,2
197,198,0,3,32,0,42.0,0,1,4,8.4042,1,1
198,199,1,3,32,1,24.0,0,0,6,7.75,1,2
199,200,0,2,38,1,24.0,0,0,6,13.0,1,1
200,201,0,3,30,0,28.0,0,0,6,9.5,1,1
201,202,0,3,19,0,24.0,8,2,8,69.55,1,1
202,203,0,3,26,0,34.0,0,0,7,6.4958,1,1
203,204,0,3,20,0,45.5,0,0,4,7.225,1,0
204,205,1,3,24,0,18.0,0,0,8,8.05,1,1
205,206,0,3,26,1,2.0,0,1,6,10.4625,2,1
206,207,0,3,26,0,32.0,1,0,7,15.85,1,1
207,208,1,3,27,0,26.0,0,0,4,18.7875,1,0
208,209,1,3,25,1,16.0,0,0,6,7.75,1,2
209,210,1,1,16,0,40.0,0,0,6,31.0,3,0
210,211,0,3,14,0,24.0,0,0,18,7.05,1,1
211,212,1,2,26,1,35.0,0,0,12,21.0,1,1
212,213,0,3,22,0,22.0,0,0,9,7.25,1,1
213,214,0,2,27,0,30.0,0,0,6,13.0,1,1
214,215,0,3,19,0,24.0,1,0,6,7.75,1,2
215,216,1,1,23,1,31.0,1,0,5,113.275,3,0
216,217,1,3,22,1,27.0,0,0,16,7.925,1,1
217,218,0,2,28,0,42.0,1,0,6,27.0,1,1
218,219,1,1,21,1,32.0,0,0,5,76.2917,3,0
219,220,0,2,18,0,30.0,0,0,9,10.5,1,1
220,221,1,3,30,0,16.0,0,0,15,8.05,1,1
221,222,0,2,20,0,27.0,0,0,6,13.0,1,1
222,223,0,3,23,0,51.0,0,0,5,8.05,1,1
223,224,0,3,20,0,24.0,0,0,6,7.8958,1,1
224,225,1,1,28,0,38.0,1,0,5,90.0,3,1
225,226,0,3,28,0,22.0,0,0,7,9.35,1,1
226,227,1,2,25,0,19.0,0,0,9,10.5,1,1
227,228,0,3,31,0,20.5,0,0,9,7.25,1,1
228,229,0,2,25,0,18.0,0,0,6,13.0,1,1
229,230,0,3,23,1,24.0,3,1,4,25.4667,1,1
230,231,1,1,44,1,35.0,1,0,5,83.475,3,1
231,232,0,3,24,0,29.0,0,0,6,7.775,1,1
232,233,0,2,25,0,59.0,0,0,6,13.5,1,1
233,234,1,3,30,1,5.0,4,2,6,31.3875,1,1
234,235,0,2,33,0,24.0,0,0,10,10.5,1,1
235,236,0,3,28,1,24.0,0,0,10,7.55,1,1
236,237,0,2,17,0,44.0,1,0,5,26.0,1,1
237,238,1,2,32,1,8.0,0,2,10,26.25,1,1
238,239,0,2,31,0,19.0,0,0,5,10.5,1,1
239,240,0,2,22,0,33.0,0,0,10,12.275,1,1
240,241,0,3,21,1,24.0,1,0,4,14.4542,1,0
241,242,1,3,30,1,24.0,1,0,6,15.5,1,2
242,243,0,2,31,0,29.0,0,0,11,10.5,1,1
243,244,0,3,29,0,22.0,0,0,17,7.125,1,1
244,245,0,3,20,0,30.0,0,0,4,7.225,1,0
245,246,0,1,27,0,44.0,2,0,5,90.0,3,2
246,247,0,3,37,1,25.0,0,0,6,7.775,1,1
247,248,1,2,31,1,24.0,0,2,6,14.5,1,1
248,249,1,1,29,0,37.0,1,1,5,52.5542,3,1
249,250,0,2,29,0,54.0,1,0,6,26.0,1,1
250,251,0,3,22,0,24.0,0,0,6,7.25,1,1
251,252,0,3,42,1,29.0,1,1,6,10.4625,2,1
252,253,0,1,25,0,62.0,0,0,6,26.55,3,1
253,254,0,3,24,0,30.0,1,0,9,16.1,1,1
254,255,0,3,40,1,41.0,0,2,6,20.2125,1,1
255,256,1,3,39,1,29.0,0,2,4,15.2458,1,0
256,257,1,1,30,1,24.0,0,0,8,79.2,1,0
257,258,1,1,20,1,30.0,0,0,6,86.5,3,1
258,259,1,1,16,1,35.0,0,0,8,512.3292,1,0
259,260,1,2,27,1,50.0,0,1,6,26.0,1,1
260,261,0,3,17,0,24.0,0,0,6,7.75,1,2
261,262,1,3,33,0,3.0,4,2,6,31.3875,1,1
262,263,0,1,17,0,52.0,1,1,6,79.65,3,1
263,264,0,1,21,0,40.0,0,0,6,0.0,3,1
264,265,0,3,18,1,24.0,0,0,6,7.75,1,2
265,266,0,2,17,0,36.0,0,0,10,10.5,1,1
266,267,0,3,25,0,16.0,4,1,7,39.6875,1,1
267,268,1,3,24,0,25.0,1,0,6,7.775,1,1
268,269,1,1,45,1,58.0,0,1,8,153.4625,4,1
269,270,1,1,22,1,35.0,0,0,8,135.6333,3,1
270,271,0,1,21,0,24.0,0,0,6,31.0,1,1
271,272,1,3,28,0,25.0,0,0,4,0.0,1,1
272,273,1,2,41,1,41.0,0,1,6,19.5,1,1
273,274,0,1,21,0,37.0,0,1,8,29.7,4,0
274,275,1,3,26,1,24.0,0,0,6,7.75,1,2
275,276,1,1,33,1,63.0,1,0,5,77.9583,2,1
276,277,0,3,33,1,45.0,0,0,6,7.75,1,1
277,278,0,2,27,0,24.0,0,0,6,0.0,1,1
278,279,0,3,18,0,7.0,4,1,6,29.125,1,2
279,280,1,3,32,1,35.0,1,1,9,20.25,1,1
280,281,0,3,16,0,65.0,0,0,6,7.75,1,2
281,282,0,3,32,0,28.0,0,0,6,7.8542,1,1
282,283,0,3,25,0,16.0,0,0,6,9.5,1,1
283,284,1,3,26,0,19.0,0,0,10,8.05,1,1
284,285,0,1,26,0,24.0,0,0,6,26.0,3,1
285,286,0,3,19,0,33.0,0,0,6,8.6625,1,0
286,287,1,3,23,0,30.0,0,0,6,9.5,1,1
287,288,0,3,20,0,22.0,0,0,6,7.8958,1,1
288,289,1,2,20,0,42.0,0,0,6,13.0,1,1
289,290,1,3,20,1,22.0,0,0,6,7.75,1,2
290,291,1,1,28,1,26.0,0,0,5,78.85,1,1
291,292,1,1,39,1,19.0,1,0,5,91.0792,3,0
292,293,0,2,22,0,36.0,0,0,13,12.875,1,0
293,294,0,3,19,1,24.0,0,0,6,8.85,1,1
294,295,0,3,16,0,24.0,0,0,6,7.8958,1,1
295,296,0,1,17,0,24.0,0,0,8,27.7208,1,0
296,297,0,3,18,0,23.5,0,0,4,7.2292,1,0
297,298,0,1,28,1,2.0,1,2,6,151.55,7,1
298,299,1,1,21,0,24.0,0,0,5,30.5,4,1
299,300,1,1,47,1,50.0,0,1,8,247.5208,7,0
300,301,1,3,40,1,24.0,0,0,4,7.75,1,2
301,302,1,3,18,0,24.0,2,0,6,23.25,1,2
302,303,0,3,31,0,19.0,0,0,4,0.0,1,1
303,304,1,2,19,1,24.0,0,0,6,12.35,4,2
304,305,0,3,33,0,24.0,0,0,8,8.05,1,1
305,306,1,1,30,0,0.92,1,2,6,151.55,7,1
306,307,1,1,23,1,24.0,0,0,5,110.8833,1,0
307,308,1,1,82,1,17.0,1,0,8,108.9,3,0
308,309,0,2,19,0,30.0,1,0,9,24.0,1,0
309,310,1,1,30,1,30.0,0,0,8,56.9292,3,0
310,311,1,1,30,1,24.0,0,0,5,83.1583,3,0
311,312,1,1,26,1,18.0,2,2,8,262.375,15,0
312,313,0,2,37,1,26.0,1,1,6,26.0,1,1
313,314,0,3,22,0,28.0,0,0,6,7.8958,1,1
314,315,0,2,18,0,43.0,1,1,12,26.25,1,1
315,316,1,3,31,1,26.0,0,0,6,7.8542,1,1
316,317,1,2,35,1,24.0,1,0,6,26.0,1,1
317,318,0,2,20,0,54.0,0,0,5,14.0,1,1
318,319,1,1,24,1,31.0,0,2,5,164.8667,2,1
319,320,1,1,56,1,40.0,1,1,5,134.5,3,0
320,321,0,3,18,0,22.0,0,0,9,7.25,1,1
321,322,0,3,16,0,27.0,0,0,6,7.8958,1,1
322,323,1,2,25,1,30.0,0,0,6,12.35,1,2
323,324,1,2,51,1,22.0,1,1,6,29.0,1,1
324,325,0,3,24,0,24.0,8,2,8,69.55,1,1
325,326,1,1,24,1,36.0,0,0,8,135.6333,3,0
326,327,0,3,25,0,61.0,0,0,6,6.2375,1,1
327,328,1,2,23,1,36.0,0,0,5,13.0,1,1
328,329,1,3,46,1,31.0,1,1,6,20.525,1,1
329,330,1,1,28,1,16.0,0,1,6,57.9792,3,0
330,331,1,3,18,1,24.0,2,0,6,23.25,1,2
331,332,0,1,19,0,45.5,0,0,6,28.5,4,1
332,333,0,1,25,0,38.0,0,1,8,153.4625,3,1
333,334,0,3,31,0,16.0,2,0,6,18.0,1,1
334,335,1,1,50,1,24.0,1,0,8,133.65,1,1
335,336,0,3,18,0,24.0,0,0,6,7.8958,1,1
336,337,0,1,25,0,29.0,1,0,6,66.6,2,1
337,338,1,1,31,1,41.0,0,0,5,134.5,3,0
338,339,1,3,21,0,45.0,0,0,4,8.05,1,1
339,340,0,1,28,0,45.0,0,0,6,35.5,1,1
340,341,1,2,30,0,2.0,1,1,6,26.0,2,1
341,342,1,1,30,1,24.0,3,2,5,263.0,11,1
342,343,0,2,26,0,28.0,0,0,6,13.0,1,1
343,344,0,2,42,0,25.0,0,0,6,13.0,1,1
344,345,0,2,23,0,36.0,0,0,6,13.0,1,1
345,346,1,2,29,1,24.0,0,0,6,13.0,3,1
346,347,1,2,25,1,40.0,0,0,5,13.0,1,1
347,348,1,3,41,1,24.0,1,0,6,16.1,1,1
348,349,1,3,38,0,3.0,1,1,10,15.9,1,1
349,350,0,3,16,0,42.0,0,0,6,8.6625,1,1
350,351,0,3,22,0,23.0,0,0,4,9.225,1,1
351,352,0,1,38,0,24.0,0,0,6,35.0,4,1
352,353,0,3,18,0,15.0,1,1,4,7.2292,1,0
353,354,0,3,25,0,25.0,1,0,6,17.8,1,1
354,355,0,3,17,0,24.0,0,0,4,7.225,1,0
355,356,0,3,27,0,28.0,0,0,6,9.5,1,1
356,357,1,1,27,1,22.0,0,1,6,55.0,3,1
357,358,0,2,25,1,38.0,0,0,6,13.0,1,1
358,359,1,3,20,1,24.0,0,0,6,7.8792,1,2
359,360,1,3,33,1,24.0,0,0,6,7.8792,1,2
360,361,0,3,18,0,40.0,1,4,6,27.9,1,1
361,362,0,2,25,0,29.0,1,0,13,27.7208,1,0
362,363,0,3,31,1,45.0,0,1,4,14.4542,1,0
363,364,0,3,15,0,35.0,0,0,18,7.05,1,1
364,365,0,3,19,0,24.0,1,0,6,15.5,1,2
365,366,0,3,30,0,30.0,0,0,6,7.25,1,1
366,367,1,1,48,1,60.0,1,0,6,75.25,3,0
367,368,1,3,30,1,24.0,0,0,4,7.2292,1,0
368,369,1,3,19,1,24.0,0,0,5,7.75,1,2
369,370,1,1,29,1,24.0,0,0,8,69.3,3,0
370,371,1,1,27,0,25.0,1,0,5,55.4417,3,0
371,372,0,3,25,0,18.0,1,0,7,6.4958,1,1
372,373,0,3,26,0,19.0,0,0,6,8.05,1,1
373,374,0,1,19,0,22.0,0,0,8,135.6333,1,0
374,375,0,3,26,1,3.0,3,1,6,21.075,1,1
375,376,1,1,37,1,24.0,1,0,8,82.1708,1,0
376,377,1,3,31,1,22.0,0,0,6,7.25,1,1
377,378,0,1,25,0,27.0,0,2,6,211.5,3,0
378,379,0,3,19,0,20.0,0,0,4,4.0125,1,0
379,380,0,3,27,0,19.0,0,0,6,7.775,1,1
380,381,1,1,21,1,42.0,0,0,8,227.525,1,0
381,382,1,3,27,1,1.0,0,2,4,15.7417,1,0
382,383,0,3,18,0,32.0,0,0,17,7.925,1,1
383,384,1,1,51,1,35.0,1,0,6,52.0,1,1
384,385,0,3,22,0,24.0,0,0,6,7.8958,1,1
385,386,0,2,25,0,18.0,0,0,12,73.5,1,1
386,387,0,3,31,0,1.0,5,2,7,46.9,1,1
387,388,1,2,16,1,36.0,0,0,5,13.0,1,1
388,389,0,3,20,0,24.0,0,0,6,7.7292,1,2
389,390,1,2,21,1,17.0,0,0,7,12.0,1,0
390,391,1,1,26,0,36.0,1,2,6,120.0,7,1
391,392,1,3,22,0,21.0,0,0,6,7.7958,1,1
392,393,0,3,28,0,28.0,2,0,7,7.925,1,1
393,394,1,1,22,1,23.0,1,0,5,113.275,3,0
394,395,1,3,51,1,24.0,0,2,7,16.7,2,1
395,396,0,3,19,0,22.0,0,0,6,7.7958,1,1
396,397,0,3,19,1,31.0,0,0,6,7.8542,1,1
397,398,0,2,23,0,46.0,0,0,5,26.0,1,1
398,399,0,2,16,0,23.0,0,0,6,10.5,1,1
399,400,1,2,32,1,28.0,0,0,6,12.65,1,1
400,401,1,3,18,0,39.0,0,0,17,7.925,1,1
401,402,0,3,15,0,26.0,0,0,6,8.05,1,1
402,403,0,3,24,1,21.0,1,0,4,9.825,1,1
403,404,0,3,30,0,28.0,1,0,16,15.85,1,1
404,405,0,3,23,1,20.0,0,0,6,8.6625,1,1
405,406,0,2,18,0,34.0,1,0,5,21.0,1,1
406,407,0,3,32,0,51.0,0,0,6,7.75,1,1
407,408,1,2,30,0,3.0,1,1,5,18.75,1,1
408,409,0,3,33,0,21.0,0,0,6,7.775,1,1
409,410,0,3,18,1,24.0,3,1,4,25.4667,1,1
410,411,0,3,18,0,24.0,0,0,6,7.8958,1,1
411,412,0,3,15,0,24.0,0,0,6,6.8583,1,2
412,413,1,1,22,1,33.0,1,0,5,90.0,3,2
413,414,0,2,30,0,24.0,0,0,6,0.0,1,1
414,415,1,3,25,0,44.0,0,0,17,7.925,1,1
415,416,0,3,39,1,24.0,0,0,6,8.05,1,1
416,417,1,2,47,1,34.0,1,1,5,32.5,1,1
417,418,1,2,29,1,18.0,0,2,6,13.0,1,1
418,419,0,2,26,0,30.0,0,0,5,13.0,1,1
419,420,0,3,25,1,10.0,0,2,6,24.15,1,1
420,421,0,3,22,0,24.0,0,0,6,7.8958,1,0
421,422,0,3,19,0,21.0,0,0,10,7.7333,1,2
422,423,0,3,18,0,29.0,0,0,6,7.875,1,1
423,424,0,3,54,1,28.0,1,1,6,14.4,1,1
424,425,0,3,27,0,18.0,1,1,6,20.2125,1,1
425,426,0,3,22,0,24.0,0,0,10,7.25,1,1
426,427,1,2,43,1,28.0,1,0,4,26.0,1,1
427,428,1,2,67,1,19.0,0,0,6,26.0,1,1
428,429,0,3,16,0,24.0,0,0,6,7.75,1,2
429,430,1,3,34,0,32.0,0,0,17,8.05,3,1
430,431,1,1,41,0,28.0,0,0,6,26.55,3,1
431,432,1,3,49,1,24.0,1,0,6,16.1,1,1
432,433,1,2,51,1,42.0,1,0,10,26.0,1,1
433,434,0,3,26,0,17.0,0,0,17,7.125,1,1
434,435,0,1,25,0,50.0,1,0,5,55.9,3,1
435,436,1,1,25,1,14.0,1,2,6,120.0,7,1
436,437,0,3,36,1,21.0,2,2,10,34.375,1,1
437,438,1,2,37,1,24.0,2,3,5,18.75,1,1
438,439,0,1,17,0,64.0,1,4,5,263.0,11,1
439,440,0,2,38,0,31.0,0,0,10,10.5,1,1
440,441,1,2,43,1,45.0,1,1,12,26.25,1,1
441,442,0,3,15,0,20.0,0,0,6,9.5,1,1
442,443,0,3,25,0,25.0,1,0,6,7.775,1,1
443,444,1,2,25,1,28.0,0,0,6,13.0,1,1
444,445,1,3,33,0,24.0,0,0,5,8.1125,1,1
445,446,1,1,25,0,4.0,0,2,5,81.8583,3,1
446,447,1,2,33,1,13.0,0,1,6,19.5,1,1
447,448,1,1,27,0,34.0,0,0,6,26.55,1,1
448,449,1,3,30,1,5.0,2,1,4,19.2583,1,0
449,450,1,1,30,0,52.0,0,0,6,30.5,4,1
450,451,0,2,21,0,36.0,1,2,10,27.75,1,1
451,452,0,3,31,0,24.0,1,0,5,19.9667,1,1
452,453,0,1,31,0,30.0,0,0,6,27.75,4,0
453,454,1,1,24,0,49.0,1,0,5,89.1042,3,0
454,455,0,3,19,0,24.0,0,0,8,8.05,1,1
455,456,1,3,18,0,29.0,0,0,6,7.8958,1,0
456,457,0,1,25,0,65.0,0,0,5,26.55,3,1
457,458,1,1,33,1,24.0,1,0,5,51.8625,3,1
458,459,1,2,19,1,50.0,0,0,12,10.5,1,1
459,460,0,3,21,0,24.0,0,0,6,7.75,1,2
460,461,1,1,19,0,48.0,0,0,5,26.55,3,1
461,462,0,3,19,0,34.0,0,0,6,8.05,1,1
462,463,0,1,17,0,47.0,0,0,6,38.5,3,1
463,464,0,2,28,0,48.0,0,0,6,13.0,1,1
464,465,0,3,18,0,24.0,0,0,8,8.05,1,1
465,466,0,3,31,0,38.0,0,0,18,7.05,1,1
466,467,0,2,21,0,24.0,0,0,6,0.0,1,1
467,468,0,1,26,0,56.0,0,0,6,26.55,1,1
468,469,0,3,18,0,24.0,0,0,5,7.725,1,2
469,470,1,3,29,1,0.75,2,1,4,19.2583,1,0
470,471,0,3,17,0,24.0,0,0,6,7.25,1,1
471,472,0,3,15,0,38.0,0,0,6,8.6625,1,1
472,473,1,2,39,1,33.0,1,2,10,27.75,1,1
473,474,1,2,44,1,23.0,0,0,15,13.7917,1,0
474,475,0,3,27,1,22.0,0,0,4,9.8375,1,1
475,476,0,1,27,0,24.0,0,0,6,52.0,3,1
476,477,0,2,23,0,34.0,1,0,5,21.0,1,1
477,478,0,3,25,0,29.0,1,0,4,7.0458,1,1
478,479,0,3,25,0,22.0,0,0,6,7.5208,1,1
479,480,1,3,24,1,2.0,0,1,7,12.2875,1,1
480,481,0,3,30,0,9.0,5,2,7,46.9,1,1
481,482,0,2,32,0,24.0,0,0,6,0.0,1,1
482,483,0,3,24,0,50.0,0,0,8,8.05,1,1
483,484,1,3,22,1,63.0,0,0,4,9.5875,1,1
484,485,1,1,23,0,25.0,1,0,5,91.0792,3,0
485,486,0,3,22,1,24.0,3,1,4,25.4667,1,1
486,487,1,1,47,1,35.0,1,0,5,90.0,3,1
487,488,0,1,23,0,58.0,0,0,5,29.7,3,0
488,489,0,3,29,0,30.0,0,0,10,8.05,1,1
489,490,1,3,37,0,9.0,1,1,10,15.9,1,1
490,491,0,3,36,0,24.0,1,0,5,19.9667,1,1
491,492,0,3,19,0,21.0,0,0,16,7.25,1,1
492,493,0,1,26,0,55.0,0,0,6,30.5,3,1
493,494,0,1,23,0,71.0,0,0,8,49.5042,1,0
494,495,0,3,26,0,21.0,0,0,9,8.05,1,1
495,496,0,3,21,0,24.0,0,0,4,14.4583,1,0
496,497,1,1,30,1,54.0,1,0,5,78.2667,3,0
497,498,0,3,31,0,24.0,0,0,9,15.1,1,1
498,499,0,1,47,1,25.0,1,2,6,151.55,7,1
499,500,0,3,18,0,24.0,0,0,6,7.7958,1,1
500,501,0,3,16,0,17.0,0,0,6,8.6625,1,1
501,502,0,3,19,1,21.0,0,0,6,7.75,1,2
502,503,0,3,30,1,24.0,0,0,6,7.6292,1,2
503,504,0,3,30,1,37.0,0,0,4,9.5875,1,1
504,505,1,1,21,1,16.0,0,0,6,86.5,3,1
505,506,0,1,42,0,18.0,1,0,8,108.9,3,0
506,507,1,2,45,1,33.0,0,2,5,26.0,1,1
507,508,1,1,45,0,24.0,0,0,6,26.55,1,1
508,509,0,3,24,0,28.0,0,0,6,22.525,1,1
509,510,1,3,14,0,26.0,0,0,4,56.4958,1,1
510,511,1,3,24,0,29.0,0,0,6,7.75,1,2
511,512,0,3,17,0,24.0,0,0,16,8.05,1,1
512,513,1,1,25,0,36.0,0,0,8,26.2875,3,1
513,514,1,1,46,1,54.0,1,0,8,59.4,1,0
514,515,0,3,17,0,24.0,0,0,6,7.4958,1,1
515,516,0,1,28,0,47.0,0,0,5,34.0208,3,1
516,517,1,2,28,1,34.0,0,0,10,10.5,3,1
517,518,0,3,17,0,24.0,0,0,6,24.15,1,2
518,519,1,2,52,1,36.0,1,0,6,26.0,1,1
519,520,0,3,19,0,32.0,0,0,6,7.8958,1,1
520,521,1,1,21,1,30.0,0,0,5,93.5,3,1
521,522,0,3,15,0,22.0,0,0,6,7.8958,1,1
522,523,0,3,18,0,24.0,0,0,4,7.225,1,0
523,524,1,1,47,1,44.0,0,1,6,57.9792,3,0
524,525,0,3,17,0,24.0,0,0,4,7.2292,1,0
525,526,0,3,18,0,40.5,0,0,6,7.75,1,2
526,527,1,2,20,1,50.0,0,0,11,10.5,1,1
527,528,0,1,18,0,24.0,0,0,8,221.7792,3,1
528,529,0,3,25,0,39.0,0,0,7,7.925,1,1
529,530,0,2,27,0,23.0,2,1,5,11.5,1,1
530,531,1,2,24,1,2.0,1,1,5,26.0,1,1
531,532,0,3,17,0,24.0,0,0,4,7.2292,1,0
532,533,0,3,20,0,17.0,1,1,4,7.2292,1,0
533,534,1,3,38,1,24.0,0,2,4,22.3583,1,0
534,535,0,3,19,1,30.0,0,0,6,8.6625,1,1
535,536,1,2,22,1,7.0,0,2,12,26.25,1,1
536,537,0,1,33,0,45.0,0,0,6,26.55,3,1
537,538,1,1,19,1,30.0,0,0,8,106.425,1,0
538,539,0,3,24,0,24.0,0,0,6,14.5,1,1
539,540,1,1,34,1,22.0,0,2,5,49.5,3,0
540,541,1,1,23,1,36.0,0,2,9,71.0,3,1
541,542,0,3,36,1,9.0,4,2,6,31.275,1,1
542,543,0,3,33,1,11.0,4,2,6,31.275,1,1
543,544,1,2,17,0,32.0,1,0,4,26.0,1,1
544,545,0,1,26,0,50.0,1,0,8,106.425,3,0
545,546,0,1,28,0,64.0,0,0,3,26.0,1,1
546,547,1,2,33,1,19.0,1,0,4,26.0,1,1
547,548,1,2,26,0,24.0,0,0,13,13.8625,1,0
548,549,0,3,25,0,33.0,1,1,6,20.525,1,1
549,550,1,2,30,0,8.0,1,1,10,36.75,1,1
550,551,1,1,27,0,17.0,0,2,5,110.8833,3,0
551,552,0,2,27,0,27.0,0,0,6,26.0,1,1
552,553,0,3,20,0,24.0,0,0,6,7.8292,1,2
553,554,1,3,33,0,22.0,0,0,4,7.225,1,0
554,555,1,3,18,1,22.0,0,0,6,7.775,1,1
555,556,0,1,18,0,62.0,0,0,6,26.55,1,1
556,557,1,1,65,1,48.0,1,0,5,39.6,3,0
557,558,0,1,19,0,24.0,0,0,8,227.525,1,0
558,559,1,1,38,1,39.0,1,1,6,79.65,3,1
559,560,1,3,44,1,36.0,1,0,6,17.4,1,1
560,561,0,3,24,0,24.0,0,0,6,7.75,1,2
561,562,0,3,17,0,40.0,0,0,6,7.8958,1,1
562,563,0,2,26,0,28.0,0,0,6,13.5,1,1
563,564,0,3,17,0,24.0,0,0,15,8.05,1,1
564,565,0,3,30,1,24.0,0,0,17,8.05,1,1
565,566,0,3,20,0,24.0,2,0,9,24.15,1,1
566,567,0,3,20,0,19.0,0,0,6,7.8958,1,1
567,568,0,3,43,1,29.0,0,4,6,21.075,1,1
568,569,0,3,19,0,24.0,0,0,4,7.2292,1,0
569,570,1,3,17,0,32.0,0,0,6,7.8542,1,1
570,571,1,2,18,0,62.0,0,0,11,10.5,1,1
571,572,1,1,45,1,53.0,2,0,5,51.4792,4,1
572,573,1,1,32,0,36.0,0,0,8,26.3875,3,1
573,574,1,3,17,1,24.0,0,0,5,7.75,1,2
574,575,0,3,28,0,16.0,0,0,10,8.05,1,1
575,576,0,3,20,0,19.0,0,0,6,14.5,1,1
576,577,1,2,20,1,34.0,0,0,6,13.0,1,1
577,578,1,1,41,1,39.0,1,0,5,55.9,3,1
578,579,0,3,32,1,24.0,1,0,4,14.4583,1,0
579,580,1,3,19,0,32.0,0,0,17,7.925,1,1
580,581,1,2,27,1,25.0,1,1,6,30.0,1,1
581,582,1,1,52,1,39.0,1,1,5,110.8833,3,0
582,583,0,2,26,0,54.0,0,0,5,26.0,1,1
583,584,0,1,19,0,36.0,0,0,5,40.125,3,0
584,585,0,3,19,0,24.0,0,0,4,8.7125,1,0
585,586,1,1,19,1,18.0,0,2,6,79.65,3,1
586,587,0,2,23,0,47.0,0,0,6,15.0,1,1
587,588,1,1,32,0,60.0,1,1,5,79.2,3,0
588,589,0,3,21,0,22.0,0,0,5,8.05,1,1
589,590,0,3,19,0,24.0,0,0,10,8.05,1,1
590,591,0,3,20,0,35.0,0,0,17,7.125,1,1
591,592,1,1,47,1,52.0,1,0,5,78.2667,3,0
592,593,0,3,26,0,47.0,0,0,8,7.25,1,1
593,594,0,3,18,1,24.0,0,2,6,7.75,1,2
594,595,0,2,23,0,37.0,1,0,11,26.0,1,1
595,596,0,3,27,0,36.0,1,1,6,24.15,1,1
596,597,1,2,26,1,24.0,0,0,6,33.0,1,1
597,598,0,3,19,0,49.0,0,0,4,0.0,1,1
598,599,0,3,17,0,24.0,0,0,4,7.225,1,0
599,600,1,1,44,0,49.0,1,0,8,56.9292,3,0
600,601,1,2,51,1,24.0,2,1,6,27.0,1,1
601,602,0,3,20,0,24.0,0,0,6,7.8958,1,1
602,603,0,1,25,0,24.0,0,0,6,42.4,1,1
603,604,0,3,25,0,44.0,0,0,6,8.05,1,1
604,605,1,1,31,0,35.0,0,0,6,26.55,1,0
605,606,0,3,29,0,36.0,1,0,6,15.55,1,1
606,607,0,3,17,0,30.0,0,0,6,7.8958,1,1
607,608,1,1,27,0,27.0,0,0,6,30.5,1,1
608,609,1,2,53,1,22.0,1,2,13,41.5792,1,0
609,610,1,1,25,1,40.0,0,0,8,153.4625,4,1
610,611,0,3,57,1,39.0,1,5,6,31.275,1,1
611,612,0,3,21,0,24.0,0,0,18,7.05,1,1
612,613,1,3,27,1,24.0,1,0,6,15.5,1,2
613,614,0,3,16,0,24.0,0,0,6,7.75,1,2
614,615,0,3,31,0,35.0,0,0,6,8.05,1,1
615,616,1,2,19,1,24.0,1,2,6,65.0,1,1
616,617,0,3,25,0,34.0,1,1,6,14.4,1,1
617,618,0,3,47,1,26.0,1,0,9,16.1,1,1
618,619,1,2,27,1,4.0,2,1,6,39.0,2,1
619,620,0,2,19,0,26.0,0,0,5,10.5,1,1
620,621,0,3,19,0,27.0,1,0,4,14.4542,1,0
621,622,1,1,28,0,42.0,1,0,5,52.5542,3,1
622,623,1,3,16,0,20.0,1,1,4,15.7417,1,0
623,624,0,3,27,0,21.0,0,0,6,7.8542,1,1
624,625,0,3,27,0,21.0,0,0,5,16.1,1,1
625,626,0,1,21,0,61.0,0,0,5,32.3208,3,1
626,627,0,2,30,0,57.0,0,0,6,12.35,1,2
627,628,1,1,29,1,21.0,0,0,5,77.9583,2,1
628,629,0,3,25,0,26.0,0,0,6,7.8958,1,1
629,630,0,3,24,0,24.0,0,0,6,7.7333,1,2
630,631,1,1,36,0,80.0,0,0,5,30.0,3,1
631,632,0,3,27,0,51.0,0,0,6,7.0542,1,1
632,633,1,1,25,0,32.0,0,0,5,30.5,3,0
633,634,0,1,29,0,24.0,0,0,6,0.0,1,1
634,635,0,3,18,1,9.0,3,2,6,27.9,1,1
635,636,1,2,17,1,28.0,0,0,6,13.0,1,1
636,637,0,3,26,0,32.0,0,0,17,7.925,1,1
637,638,0,2,19,0,31.0,1,1,10,26.25,1,1
638,639,0,3,38,1,41.0,0,5,7,39.6875,1,1
639,640,0,3,26,0,24.0,1,0,6,16.1,1,1
640,641,0,3,22,0,20.0,0,0,6,7.8542,1,1
641,642,1,1,20,1,24.0,0,0,8,69.3,3,0
642,643,0,3,29,1,2.0,3,2,6,27.9,1,1
643,644,1,3,15,0,24.0,0,0,4,56.4958,1,1
644,645,1,3,22,1,0.75,2,1,4,19.2583,1,0
645,646,1,1,25,0,48.0,1,0,8,76.7292,3,0
646,647,0,3,17,0,19.0,0,0,6,7.8958,1,1
647,648,1,1,35,0,56.0,0,0,5,35.5,3,0
648,649,0,3,18,0,24.0,0,0,13,7.55,1,1
649,650,1,3,31,1,23.0,0,0,8,7.55,1,1
650,651,0,3,17,0,24.0,0,0,6,7.8958,1,1
651,652,1,2,19,1,18.0,0,1,6,23.0,1,1
652,653,0,3,30,0,21.0,0,0,4,8.4333,1,1
653,654,1,3,29,1,24.0,0,0,6,7.8292,1,2
654,655,0,3,28,1,18.0,0,0,6,6.75,1,2
655,656,0,2,25,0,24.0,2,0,12,73.5,1,1
656,657,0,3,21,0,24.0,0,0,6,7.8958,1,1
657,658,0,3,29,1,32.0,1,1,6,15.5,1,2
658,659,0,2,28,0,23.0,0,0,5,13.0,1,1
659,660,0,1,26,0,58.0,0,2,5,113.275,3,0
660,661,1,1,29,0,50.0,2,0,8,133.65,1,1
661,662,0,3,17,0,40.0,0,0,4,7.225,1,0
662,663,0,1,26,0,47.0,0,0,4,25.5875,3,1
663,664,0,3,16,0,36.0,0,0,6,7.4958,1,1
664,665,1,3,27,0,20.0,1,0,17,7.925,1,1
665,666,0,2,18,0,32.0,2,0,12,73.5,1,1
666,667,0,2,27,0,25.0,0,0,6,13.0,1,1
667,668,0,3,26,0,24.0,0,0,6,7.775,1,1
668,669,0,3,15,0,43.0,0,0,8,8.05,1,1
669,670,1,1,49,1,24.0,1,0,5,52.0,4,1
670,671,1,2,61,1,40.0,1,1,5,39.0,1,1
671,672,0,1,22,0,31.0,1,0,10,52.0,3,1
672,673,0,2,27,0,70.0,0,0,10,10.5,1,1
673,674,1,2,21,0,31.0,0,0,6,13.0,1,1
674,675,0,2,26,0,24.0,0,0,6,0.0,1,1
675,676,0,3,30,0,18.0,0,0,6,7.775,1,1
676,677,0,3,29,0,24.5,0,0,6,8.05,1,1
677,678,1,3,23,1,18.0,0,0,4,9.8417,1,1
678,679,0,3,39,1,43.0,1,6,7,46.9,1,1
679,680,1,1,34,0,36.0,0,1,8,512.3292,11,0
680,681,0,3,19,1,24.0,0,0,6,8.1375,1,2
681,682,1,1,18,0,27.0,0,0,8,76.7292,3,0
682,683,0,3,27,0,20.0,0,0,4,9.225,1,1
683,684,0,3,27,0,14.0,5,2,7,46.9,1,1
684,685,0,2,33,0,60.0,1,1,5,39.0,1,1
685,686,0,2,38,0,25.0,1,2,13,41.5792,1,0
686,687,0,3,24,0,14.0,4,1,7,39.6875,1,1
687,688,0,3,17,0,19.0,0,0,6,10.1708,1,1
688,689,0,3,31,0,18.0,0,0,6,7.7958,1,1
689,690,1,1,33,1,15.0,0,1,5,211.3375,2,1
690,691,1,1,23,0,31.0,1,0,5,57.0,3,1
691,692,1,3,18,1,4.0,0,1,6,13.4167,1,0
692,693,1,3,12,0,24.0,0,0,4,56.4958,1,1
693,694,0,3,16,0,25.0,0,0,4,7.225,1,0
694,695,0,1,15,0,60.0,0,0,6,26.55,1,1
695,696,0,2,26,0,52.0,0,0,6,13.5,1,1
696,697,0,3,16,0,44.0,0,0,6,8.05,1,1
697,698,1,3,32,1,24.0,0,0,5,7.7333,1,2
698,699,0,1,24,0,49.0,1,1,5,110.8833,3,0
699,700,0,3,40,0,42.0,0,0,6,7.65,5,1
700,701,1,1,49,1,18.0,1,0,8,227.525,7,0
701,702,1,1,32,0,35.0,0,0,8,26.2875,3,1
702,703,0,3,21,1,18.0,0,1,4,14.4542,1,0
703,704,0,3,21,0,25.0,0,0,5,7.7417,1,2
704,705,0,3,23,0,26.0,1,0,6,7.8542,1,1
705,706,0,2,46,0,39.0,0,0,6,26.0,1,1
706,707,1,2,29,1,45.0,0,0,6,13.5,1,1
707,708,1,1,33,0,42.0,0,0,8,26.2875,3,1
708,709,1,1,20,1,22.0,0,0,6,151.55,1,1
709,710,1,3,49,0,24.0,1,1,4,15.2458,1,0
710,711,1,1,48,1,24.0,0,0,8,49.5042,3,0
711,712,0,1,18,0,24.0,0,0,6,26.55,4,1
712,713,1,1,24,0,48.0,1,0,5,52.0,4,1
713,714,0,3,26,0,29.0,0,0,4,9.4833,1,1
714,715,0,2,21,0,52.0,0,0,6,13.0,1,1
715,716,0,3,42,0,19.0,0,0,6,7.65,5,1
716,717,1,1,29,1,38.0,0,0,8,227.525,3,0
717,718,1,2,35,1,27.0,0,0,5,10.5,4,1
718,719,0,3,19,0,24.0,0,0,5,15.5,1,2
719,720,0,3,28,0,33.0,0,0,6,7.775,1,1
720,721,1,2,33,1,6.0,0,1,6,33.0,1,1
721,722,0,3,25,0,17.0,1,0,6,7.0542,1,1
722,723,0,2,28,0,34.0,0,0,5,13.0,1,1
723,724,0,2,23,0,50.0,0,0,6,13.0,1,1
724,725,1,1,29,0,27.0,1,0,6,53.1,2,1
725,726,0,3,19,0,20.0,0,0,6,8.6625,1,1
726,727,1,2,43,1,30.0,3,0,5,21.0,1,1
727,728,1,3,24,1,24.0,0,0,5,7.7375,1,2
728,729,0,2,31,0,25.0,1,0,6,26.0,1,1
729,730,0,3,29,1,25.0,1,0,16,7.925,1,1
730,731,1,1,29,1,29.0,0,0,5,211.3375,2,1
731,732,0,3,24,0,11.0,0,0,4,18.7875,1,0
732,733,0,2,20,0,24.0,0,0,6,0.0,1,1
733,734,0,2,26,0,23.0,0,0,5,13.0,1,1
734,735,0,2,28,0,23.0,0,0,6,13.0,1,1
735,736,0,3,20,0,28.5,0,0,5,16.1,1,1
736,737,0,3,39,1,48.0,1,3,10,34.375,1,1
737,738,1,1,22,0,35.0,0,0,8,512.3292,4,0
738,739,0,3,18,0,24.0,0,0,6,7.8958,1,1
739,740,0,3,18,0,24.0,0,0,6,7.8958,1,1
740,741,1,1,27,0,24.0,0,0,5,30.0,3,1
741,742,0,1,29,0,36.0,1,0,5,78.85,3,1
742,743,1,1,37,1,21.0,2,2,8,262.375,15,0
743,744,0,3,17,0,24.0,1,0,6,16.1,1,1
744,745,1,3,18,0,31.0,0,0,17,7.925,1,1
745,746,0,1,28,0,70.0,1,1,9,71.0,3,1
746,747,0,3,27,0,16.0,1,1,9,20.25,1,1
747,748,1,2,21,1,30.0,0,0,6,13.0,1,1
748,749,0,1,25,0,19.0,1,0,6,53.1,3,1
749,750,0,3,23,0,31.0,0,0,6,7.75,1,2
750,751,1,2,17,1,4.0,1,1,5,23.0,1,1
751,752,1,3,19,0,6.0,0,1,6,12.475,4,1
752,753,0,3,32,0,33.0,0,0,6,9.5,1,1
753,754,0,3,18,0,23.0,0,0,6,7.8958,1,1
754,755,1,2,32,1,48.0,1,2,6,65.0,1,1
755,756,1,2,25,0,0.67,1,1,6,14.5,1,1
756,757,0,3,28,0,28.0,0,0,6,7.7958,1,1
757,758,0,2,24,0,18.0,0,0,5,11.5,1,1
758,759,0,3,28,0,34.0,0,0,6,8.05,1,1
759,760,1,1,56,1,33.0,0,0,6,86.5,3,1
760,761,0,3,18,0,24.0,0,0,6,14.5,1,1
761,762,0,3,30,0,41.0,0,0,16,7.125,1,1
762,763,1,3,21,0,20.0,0,0,4,7.2292,1,0
763,764,1,1,41,1,36.0,1,2,6,120.0,7,1
764,765,0,3,22,0,16.0,0,0,6,7.775,1,1
765,766,1,1,36,1,51.0,1,0,5,77.9583,3,1
766,767,0,1,25,0,24.0,0,0,6,39.6,1,0
767,768,0,3,18,1,30.5,0,0,6,7.75,1,2
768,769,0,3,19,0,24.0,1,0,6,24.15,1,2
769,770,0,3,32,0,32.0,0,0,4,8.3625,1,1
770,771,0,3,22,0,24.0,0,0,6,9.5,1,1
771,772,0,3,23,0,48.0,0,0,6,7.8542,1,1
772,773,0,2,17,1,57.0,0,0,11,10.5,3,1
773,774,0,3,15,0,24.0,0,0,4,7.225,1,0
774,775,1,2,37,1,54.0,1,3,5,23.0,1,1
775,776,0,3,39,0,18.0,0,0,6,7.75,1,1
776,777,0,3,16,0,24.0,0,0,6,7.75,3,2
777,778,1,3,29,1,5.0,0,0,6,12.475,1,1
778,779,0,3,23,0,24.0,0,0,5,7.7375,1,2
779,780,1,1,53,1,43.0,0,1,5,211.3375,2,1
780,781,1,3,20,1,13.0,0,0,4,7.2292,1,0
781,782,1,1,41,1,17.0,1,0,5,57.0,3,1
782,783,0,1,22,0,29.0,0,0,6,30.0,2,1
783,784,0,3,22,0,24.0,1,2,10,23.45,1,1
784,785,0,3,16,0,25.0,0,0,18,7.05,1,1
785,786,0,3,34,0,25.0,0,0,6,7.25,1,1
786,787,1,3,25,1,18.0,0,0,7,7.4958,1,1
787,788,0,3,25,0,8.0,4,1,6,29.125,1,2
788,789,1,3,26,0,1.0,1,2,9,20.575,1,1
789,790,0,1,24,0,46.0,0,0,8,79.2,7,0
790,791,0,3,24,0,24.0,0,0,5,7.75,1,2
791,792,0,2,19,0,16.0,0,0,6,26.0,1,1
792,793,0,3,23,1,24.0,8,2,8,69.55,1,1
793,794,0,1,24,0,24.0,0,0,8,30.6958,1,0
794,795,0,3,21,0,25.0,0,0,6,7.8958,1,1
795,796,0,2,18,0,39.0,0,0,5,13.0,1,1
796,797,1,1,27,1,49.0,0,0,5,25.9292,3,1
797,798,1,3,16,1,31.0,0,0,6,8.6833,1,1
798,799,0,3,28,0,30.0,0,0,4,7.2292,1,0
799,800,0,3,52,1,30.0,1,1,6,24.15,1,1
800,801,0,2,20,0,34.0,0,0,6,13.0,1,1
801,802,1,2,43,1,31.0,1,1,10,26.25,1,1
802,803,1,1,35,0,11.0,1,2,6,120.0,7,1
803,804,1,3,31,0,0.42,0,1,4,8.5167,1,0
804,805,1,3,23,0,27.0,0,0,6,6.975,1,1
805,806,0,3,25,0,31.0,0,0,6,7.775,1,1
806,807,0,1,22,0,39.0,0,0,6,0.0,3,1
807,808,0,3,31,1,18.0,0,0,6,7.775,1,1
808,809,0,2,17,0,39.0,0,0,6,13.0,1,1
809,810,1,1,46,1,33.0,1,0,6,53.1,2,1
810,811,0,3,22,0,26.0,0,0,4,7.8875,1,1
811,812,0,3,17,0,39.0,0,0,9,24.15,1,1
812,813,0,2,25,0,35.0,0,0,5,10.5,1,1
813,814,0,3,34,1,6.0,4,2,6,31.275,1,1
814,815,0,3,26,0,30.5,0,0,6,8.05,1,1
815,816,0,1,16,0,24.0,0,0,6,0.0,4,1
816,817,0,3,28,1,23.0,0,0,16,7.925,1,1
817,818,0,2,18,0,31.0,1,1,15,37.0042,1,0
818,819,0,3,32,0,43.0,0,0,6,6.45,1,1
819,820,0,3,28,0,10.0,3,2,6,27.9,1,1
820,821,1,1,50,1,52.0,1,1,5,93.5,3,1
821,822,1,3,17,0,27.0,0,0,6,8.6625,1,1
822,823,0,1,31,0,38.0,0,0,5,0.0,1,1
823,824,1,3,18,1,27.0,0,1,6,12.475,4,1
824,825,0,3,28,0,2.0,4,1,7,39.6875,1,1
825,826,0,3,15,0,24.0,0,0,6,6.95,1,2
826,827,0,3,12,0,24.0,0,0,4,56.4958,1,1
827,828,1,2,21,0,1.0,0,2,15,37.0042,1,0
828,829,1,3,28,0,24.0,0,0,6,7.75,1,2
829,830,1,1,41,1,62.0,0,0,6,80.0,3,1
830,831,1,3,39,1,15.0,1,0,4,14.4542,1,0
831,832,1,2,31,0,0.83,1,1,5,18.75,1,1
832,833,0,3,14,0,24.0,0,0,4,7.2292,1,0
833,834,0,3,22,0,23.0,0,0,6,7.8542,1,1
834,835,0,3,22,0,18.0,0,0,4,8.3,1,1
835,836,1,1,27,1,39.0,1,1,8,83.1583,3,0
836,837,0,3,16,0,21.0,0,0,6,8.6625,1,1
837,838,0,3,19,0,24.0,0,0,6,8.05,1,1
838,839,1,3,15,0,32.0,0,0,4,56.4958,1,1
839,840,1,1,20,0,24.0,0,0,5,29.7,3,0
840,841,0,3,27,0,20.0,0,0,16,7.925,1,1
841,842,0,2,24,0,16.0,0,0,11,10.5,1,1
842,843,1,1,23,1,30.0,0,0,6,31.0,1,0
843,844,0,3,26,0,34.5,0,0,4,6.4375,1,0
844,845,0,3,19,0,17.0,0,0,6,8.6625,1,1
845,846,0,3,19,0,42.0,0,0,9,7.55,1,1
846,847,0,3,24,0,24.0,8,2,8,69.55,1,1
847,848,0,3,18,0,35.0,0,0,6,7.8958,1,0
848,849,0,2,17,0,28.0,0,1,6,33.0,1,1
849,850,1,1,44,1,24.0,1,0,5,89.1042,3,0
850,851,0,3,39,0,4.0,4,2,6,31.275,1,1
851,852,0,3,19,0,74.0,0,0,6,7.775,1,1
852,853,0,3,23,1,9.0,1,1,4,15.2458,1,0
853,854,1,1,25,1,16.0,0,1,8,39.4,3,1
854,855,0,2,45,1,44.0,1,0,6,26.0,1,1
855,856,1,3,26,1,18.0,0,1,6,9.35,1,1
856,857,1,1,42,1,45.0,1,1,5,164.8667,1,1
857,858,1,1,22,0,51.0,0,0,6,26.55,3,1
858,859,1,3,37,1,24.0,0,3,4,19.2583,1,0
859,860,0,3,16,0,24.0,0,0,4,7.2292,1,0
860,861,0,3,23,0,41.0,2,0,6,14.1083,1,1
861,862,0,2,27,0,21.0,1,0,5,11.5,1,1
862,863,1,1,51,1,48.0,0,0,5,25.9292,3,1
863,864,0,3,33,1,24.0,8,2,8,69.55,1,1
864,865,0,2,22,0,24.0,0,0,6,13.0,1,1
865,866,1,2,24,1,42.0,0,0,6,13.0,1,1
866,867,1,2,28,1,27.0,1,0,13,13.8583,1,0
867,868,0,1,36,0,31.0,0,0,8,50.4958,3,1
868,869,0,3,27,0,24.0,0,0,6,9.5,1,1
869,870,1,3,31,0,4.0,1,1,6,11.1333,1,1
870,871,0,3,17,0,26.0,0,0,6,7.8958,1,1
871,872,1,1,48,1,47.0,1,1,5,52.5542,3,1
872,873,0,1,24,0,33.0,0,0,3,5.0,11,1
873,874,0,3,27,0,47.0,0,0,6,9.0,1,1
874,875,1,2,37,1,28.0,1,0,9,24.0,1,0
875,876,1,3,32,1,15.0,0,0,4,7.225,1,0
876,877,0,3,29,0,20.0,0,0,4,9.8458,1,1
877,878,0,3,20,0,19.0,0,0,6,7.8958,1,1
878,879,0,3,18,0,24.0,0,0,6,7.8958,1,1
879,880,1,1,45,1,56.0,0,1,5,83.1583,3,0
880,881,1,2,44,1,25.0,0,1,6,26.0,1,1
881,882,0,3,18,0,33.0,0,0,6,7.8958,1,1
882,883,0,3,28,1,22.0,0,0,4,10.5167,1,1
883,884,0,2,29,0,28.0,0,0,16,10.5,1,1
884,885,0,3,22,0,25.0,0,0,15,7.05,1,1
885,886,0,3,36,1,39.0,0,5,6,29.125,1,2
886,887,0,2,21,0,27.0,0,0,6,13.0,1,1
887,888,1,1,28,1,19.0,0,0,6,30.0,3,1
888,889,0,3,40,1,24.0,1,2,10,23.45,1,1
889,890,1,1,21,0,26.0,0,0,6,30.0,4,0
890,891,0,3,19,0,32.0,0,0,6,7.75,1,2
